m_parcela;m_plantio;matgen;espacamento;medicao;idade;dapmin;dapmed;dapmax;s2dap;dg;g;htmin;htmed;htmax;s2ht;ddom;hdom;vtcc
292;87;1;5,00 X 3,00;2;3,285420945;10,50422624;13,04127393;14,64225476;1,117012647;13,08244883;7,808296071;15,11289459;15,72593861;16,8;0,321243252;14,38760686;16,58;59,16755854
293;87;1;5,00 X 3,00;2;3,285420945;8,594366927;12,89037146;15,27887454;2,810843039;12,99493802;7,509345199;13,8;15,1584867;15,40678216;0,125748858;14,99876184;14,94;54,48846064
294;87;1;5,00 X 3,00;2;3,285420945;11,71380381;14,09582279;16,96591693;3,321477268;14,19366471;1,952608885;14,3;14,6;15,2;0,12;14,57222659;14,62;13,48320316
295;87;1;5,00 X 3,00;2;3,285420945;8,594366927;13,42544288;14,70591674;1,800326109;13,48929241;6,902892708;15;15,52135618;16,8;0,128047792;14,65498716;15,7;50,90347533
299;89;1;5,00 X 3,00;2;3,285420945;4,774648293;13,62896829;15,59718442;5,368491269;13,81804322;9,867259147;10,55908619;16,62555336;18;2,0337836;15,43802948;17,64;80,40705964
300;89;1;5,00 X 3,00;2;3,285420945;10,59971921;14,08276393;17,18873385;2,527774919;14,16879644;9,206116282;15,5059126;16,87955482;18;0,428837568;16,32133941;17,725;74,90438946
301;89;1;5,00 X 3,00;2;3,285420945;12,41408556;14,08584908;15,75633937;0,99506859;14,11971707;8,420560814;14,8;16,29487355;16,82906559;0,237832208;15,42529708;15,76;65,40840403
302;89;1;5,00 X 3,00;2;3,285420945;11,49098689;13,31065841;14,64225476;0,887509515;13,34284651;8,777505011;15,88935501;16,59504387;17,7;0,181444029;14,41307165;16,96;71,62625759
303;90;1;5,00 X 3,00;2;3,285420945;12,25493062;13,83132244;15,75633937;1,510052322;13,8832138;7,184158818;15,4;15,74785573;16,20416689;0,061956846;15,57331118;15,925;54,16869753
304;90;1;5,00 X 3,00;2;3,285420945;11,14084602;14,79686242;16,39295914;1,405961693;14,84203991;7,912838812;15,00685052;16,51586167;17,3;0,252152478;15,96005769;16,88;61,75319484
305;90;1;5,00 X 3,00;2;3,285420945;9,390141642;14,02579462;15,97915629;1,546823926;14,07899776;10,12993338;15,42008979;16,68965148;18;0,627835553;15,3934661;17,62;80,89341319
306;91;1;5,00 X 3,00;2;3,288158795;11,14084602;13,60151983;14,96056465;0,621691565;13,62336241;7,153815175;14,1;15,14437069;15,7;0,13210592;14,50219841;15,5;50,93997921
307;91;1;5,00 X 3,00;2;3,288158795;12,09577567;13,90846671;15,59718442;0,98635876;13,94201891;6,044146995;14,83280002;15,22767864;15,6;0,04914863;15,07515621;15,34808436;43,39671792
308;91;1;5,00 X 3,00;2;3,288158795;7,8304232;13,17537671;14,96056465;2,002275457;13,24799602;7,517950743;13,20422179;15,03353664;16;0,23878337;14,5467618;15,375;53,64676772
309;91;1;5,00 X 3,00;2;3,288158795;11,93662073;14,26483019;16,01098728;0,93664197;14,2960631;7,303054053;14,79063328;15,39756729;15,9;0,105475389;15,18338157;15,45930489;52,91313008
318;94;1;5,00 X 3,00;2;3,249828884;10,24957834;12,93247595;14,96056465;1,171862583;12,97609126;8,104459246;14,60770685;15,36606173;16,1;0,147825942;14,24118431;15,58;59,62018309
319;94;1;5,00 X 3,00;2;3,249828884;6,525352667;12,33328382;15,46986047;3,677734501;12,47582354;6,841339873;12,77744473;15,14558936;15,9;0,353896481;14,40033925;15,72;50,26629307
320;94;1;5,00 X 3,00;2;3,249828884;8,116902098;14,28541263;16,2338042;5,677316255;14,47244016;6,421667498;15,12422997;15,67430269;16,1;0,06971406;15,91549431;15,84;47,48558024
321;94;1;5,00 X 3,00;2;3,249828884;9,549296586;12,1185121;14,32394488;1,862095187;12,19146256;5,453698171;14,35859306;15,11287182;16;0,206017378;13,92605752;15,85;40,19541365
326;96;1;5,00 X 3,00;2;3,238877481;7,161972439;12,48754169;14,00563499;2,264631334;12,57442752;7,265011504;10,60687529;14,83928198;15,7;1,114314565;13,78281807;15,3;52,32676451
327;96;1;5,00 X 3,00;2;3,238877481;4,456338407;12,45618461;14,64225476;3,807473586;12,60322129;8,334111005;6,422452571;14,95752532;16,5;3,244835808;14,18388853;16,26;61,19677313
328;96;1;5,00 X 3,00;2;3,238877481;10,66338119;12,07382327;13,59183214;0,630152877;12,09899301;7,243762893;13,91316778;14,87019832;16;0,355472614;13,20349408;15,7;52,94717342
329;97;1;5,00 X 3,00;2;3,238877481;8,75352187;13,67368325;16,01098728;2,995461618;13,77890034;9,047799518;12,63221938;14,69512242;16,2;0,595576934;15,70540978;15,12;63,25013549
330;97;1;5,00 X 3,00;2;3,238877481;11,14084602;13,27352225;14,96056465;0,87661587;13,30532605;8,672987086;13,95669795;14,8449557;15,7;0,18946174;14,37964911;15,275;60,9037802
331;97;1;5,00 X 3,00;2;3,238877481;4,933803236;13,28370817;15,43802948;7,09473894;13,53764574;8,114682291;8,811098132;14,67596922;16,8;3,411499249;15,34253651;15,7;57,78971405
332;98;1;5,00 X 3,00;2;3,23613963;9,390141642;12,60279785;14,48309982;1,517635865;12,66072463;7,799814205;12,46469468;15,14436307;16,6;1,116038308;14,16478994;16,42;57,49303514
333;98;1;5,00 X 3,00;2;3,23613963;11,4591559;14,50335591;16,74310001;1,156561573;14,54136593;8,074469221;14,19571186;16,18959484;17,6;0,582822794;15,6544802;16,84;61,74286103
334;98;1;5,00 X 3,00;2;3,23613963;4,13802852;11,59653175;14,64225476;7,857351138;11,9131589;4,558263751;12,76253584;14,60208821;15,6;0,520793793;14,03746598;14,98;31,08067347
335;98;1;5,00 X 3,00;2;3,23613963;12,09577567;14,29362965;16,01098728;1,234140265;14,33468591;7,295780725;14,6435806;15,80246402;16,6;0,276992908;15,62901541;16,28;54,46228665
373;114;1;3,50 X 3,00;2;3,277207392;8,435211984;11,61433197;15,34253651;5,729405353;11,828184;2,39010013;11,45479523;12,95068503;13,8;0,798439002;13,56000115;13,5;14,77625149
374;114;1;3,50 X 3,00;2;3,277207392;8,116902098;11,43214779;14,32394488;1,997744789;11,51656243;6,433752935;10,77719191;13,16098246;15,4;1,040700683;13,63002933;14,56;40,76657372
380;117;2;4,50 X 2,00;2;3,991786448;8,658028904;12,2712343;15,31070553;3,032549205;12,39119751;10,93255627;7,719844214;14,71970142;20,2;11,33289649;15,08152241;19,4;83,13724717
167;46;3;4,50 X 2,00;2;4,865160849;8,912676813;14,22208571;20,21267777;7,482294026;14,47628954;14,49018272;11,12877282;17,40254456;22,2;8,471710204;18,7484523;21,1;128,3343911
343;101;4;4,50 X 2,00;2;4,134154689;6,843662553;10,22546395;13,20986028;3,152547222;10,37386758;6,210446511;13,28717557;14,39358779;15,5;2,448295978;11,17267701;14,39358779;40,90172282
381;118;5;4,50 X 2,00;2;4,065708419;6,68450761;10,97572276;15,31070553;5,402016531;11,21158747;7,397503568;7,002711125;12,92779562;16,9;8,519828894;14,42739559;15,725;49,19565015
382;118;5;4,50 X 2,00;2;4,065708419;5,729577951;9,699670566;14,70591674;5,455269785;9,967485447;5,315638638;5,382332966;10,81921497;13,1;5,150851372;13,51225467;12,85;28,69044092
383;118;5;4,50 X 2,00;2;4,065708419;6,843662553;11,42436389;17,0614099;6,174262714;11,68532265;10,95570154;7,264645752;13,50766631;19,8;10,19556647;15,54148019;17,725;77,05000126
384;119;5;4,50 X 2,00;2;4,065708419;4,456338407;10,36250256;14,80140971;6,780077637;10,67708324;8,633689774;9,34140835;14,82659547;17,9;3,971288003;14,23640966;17,4;66,92176958
393;126;5;4,50 X 2,00;2;4,142368241;7,384789359;11,98967238;16,87042397;4,564795654;12,17438292;11,8684362;15,19354032;17,21594294;19,9;1,132761988;15,29479003;18,55;105,6101494
246;69;6;4,50 X 2,00;2;4,142368241;5,474930042;12,49330936;15,59718442;4,356102672;12,66262528;13,11977786;9,600297571;15,93512233;20,2;6,069461707;15,05605762;19,725;105,3920141
349;104;6;4,50 X 2,00;2;4,065708419;7,894085177;11,41140942;13,36901522;2,56753212;11,51778713;4,431279753;12,69935625;13,49409589;14,4;0,279810626;13,20986028;13,96;28,26161811
194;53;7;4,50 X 2,00;2;4,249144422;7,002817496;13,98080682;17,82535363;5,153496882;14,16027494;17,3439257;8,519393278;18,91732364;22;7,174956298;16,80039579;21,5;169,9238027
195;53;7;4,50 X 2,00;2;4,249144422;9,549296586;13,46789446;16,07464925;2,351983351;13,55308534;15,00450747;13,03592622;18,09584128;20,5;2,785628586;15,70540978;20,24;138,848153
385;120;7;4,50 X 2,00;2;4,249144422;8,276057041;13,38678135;18,93943823;4,779817301;13,56003591;14,05989621;18,5;19,52139544;20,9;0,328064085;17,22852259;20,35571734;140,1198723
386;120;7;4,50 X 2,00;2;4,249144422;9,294648677;13,78417258;18,78028328;5,183105301;13,96696962;16,22063449;18,39851775;19,34470396;20,7;0,190277165;17,7696494;19,825;159,0177682
388;122;7;4,50 X 2,33;2;4,158795346;5,252113122;9,945508628;17,82535363;4,960120894;10,18541768;6,596112873;12,71990677;14,20446365;15,71901539;0,418835355;13,25442366;15,06380308;47,89033168
389;123;7;4,50 X 2,33;2;4,158795346;7,384789359;10,64457197;14,80140971;2,517021701;10,75949483;8,096272154;11,11448686;14,50219477;17;1,856169331;13,4135786;16,68;60,41216751
394;127;7;4,50 X 2,33;2;4,186173854;8,53070495;11,20618331;12,73239545;1,180361523;11,25734621;8,350353242;9,392046765;13,14483958;15,5;2,096207479;12,61143769;14,9;52,74546098
396;128;7;4,50 X 2,33;2;4,073921971;6,525352667;11,19864439;16,2338042;4,047526903;11,37324269;8,443021102;6,63104561;12,63227541;16,6;3,87275917;14,87143788;15,46;51,84236973
175;48;9;4,50 X 2,00;2;4,095824778;9,040000768;13,22814616;16,96591693;4,810542341;13,40492601;14,91925453;13,31441377;16,07093814;19,4;2,860064908;16,52028309;18,625;118,9251355
242;68;9;"4,50 X 2,00;4,50 X 2,33";2;4,210814511;5,092958179;11,66699353;15,75633937;5,268107926;11,88627569;13,53055796;9,845945427;15,38943583;18,6;3,913075993;15,22317031;18;106,8129646
243;68;9;"4,50 X 2,00;4,50 X 2,33";2;4,210814511;8,116902098;11,74336116;15,27887454;2,66669412;11,85368013;10,85012316;11,83737487;15,15495659;17;1,296588364;14,56267729;16,425;82,52917199
244;68;9;"4,50 X 2,00;4,50 X 2,33";2;4,210814511;7,321127382;12,62487744;16,71126902;4,50203588;12,79802801;13,51102697;10,78143868;16,02325539;18,2;2,468178485;15,75633937;17,8;108,8881299
258;74;9;4,50 X 2,00;2;4,20807666;4,265352475;10,71643283;14,00563499;5,932861908;10,98375861;10,30867445;7,680405295;14,90892082;17;2,901605006;13,80669131;16,525;78,32510608
259;74;9;4,50 X 2,00;2;4,20807666;3,501408748;11,572838;15,21521256;4,881661689;11,77692707;10,05699218;5,066664208;15,038968;16,9;4,032276126;14,35577587;16,52;77,06635123
274;80;9;4,50 X 2,33;2;4,150581793;5,729577951;12,36848982;14,06929697;2,458476369;12,46481334;7,038389118;10,2486119;14,9721056;17;2,046832366;13,82525939;16,48333333;50,35973465
275;80;9;4,50 X 2,33;2;4,150581793;4,774648293;10,34674662;12,89155039;3,447327162;10,50770068;5,489344925;2,035779078;11,23176651;14,2;9,078709581;12,21779446;13,71666667;31,17528914
277;81;9;4,50 X 2,33;2;4,109514031;4,61549335;9,819471806;13,56000115;4,986224268;10,06412617;7,069148728;10,2041184;13,33109657;16;1,971998883;12,77059263;15,32;47,73695954
279;81;9;4,50 X 2,33;2;4,109514031;7,321127382;10,24002904;12,73239545;1,955928586;10,33193717;5,171503218;11,20526026;13,12224175;14,5;0,593745976;11,96845172;13,7437353;33,8604138
182;50;10;4,50 X 2,00;2;3,96440794;5,729577951;13,93051386;17,28422682;4,654147629;14,09327077;16,69263407;10,87118807;17,25094902;21,1;4,721363353;16,5075507;20,24;143,6043479
183;50;10;4,50 X 2,00;2;3,96440794;7,448451337;13,98589978;16,774931;3,303148749;14,10115167;17,33109725;8,789774292;16,86071055;19,9;4,130011706;16,2210718;18,52;145,9950398
184;50;10;4,50 X 2,00;2;3,96440794;6,939155519;12,54459261;17,02957891;6,849901331;12,80936014;14,02414851;7,933433041;15,20664523;19,6;8,914433447;16,32929716;18,64;111,4490991
196;54;10;"4,50 X 2,00;4,50 X 2,33";2;3,969883641;7,989578143;13,65549412;18,20732549;5,820249042;13,86240389;14,81444734;7,820327375;15,55723155;20,6;9,74628406;17,20783245;20,2;115,8889418
197;54;10;"4,50 X 2,00;4,50 X 2,33";2;3,969883641;8,849014836;13,34646827;16,99774792;4,148691077;13,4977952;14,95638156;9,186005889;14,88583344;17,8;4,755794509;16,5139169;17,2;108,6000085
261;75;10;4,50 X 2,33;2;4,186173854;6,525352667;10,83845162;15,11971959;4,679344175;11,04515277;6,548912979;8,656692242;12,44221906;16;5,105758485;13,94993076;15,525;40,43397982
262;75;10;4,50 X 2,33;2;4,186173854;7,480282325;12,23401311;14,41943784;1,966700369;12,31184737;6,701863265;11,54919382;12,51614098;13,24861778;0,256756984;13,78281807;12,36666667;39,56028398
387;121;11;5,00 X 3,00;2;3,249828884;7,321127382;13,62805361;17,18873385;5,075230496;13,80666751;9,833660963;11,4864866;16,8192425;19,5;3,715659612;16,44070562;18,725;86,3894775
239;67;12;4,50 X 2,00;2;4,167008898;6,047887837;10,13986301;15,15155058;3,226234262;10,29438745;9,046549963;8,278678787;13,04722754;18;4,635167305;13,96584626;17,375;60,88304235
240;67;12;4,50 X 2,00;2;4,167008898;6,68450761;9,693597067;13,27352225;3,6258983;9,874773257;7,570188699;8,512447864;11,45296134;14;2,329826692;12,74512784;13,06;43,44554974
241;67;12;4,50 X 2,00;2;4,167008898;8,05324012;10,47374977;16,87042397;2,462939889;10,58819961;9,01140008;10,67735346;12,82928926;17,5;1,67616983;13,75098708;14,94;57,90420452
1;1;13;5,00 X 3,00;1;2,444900753;7,130141451;9,646738387;11,33183195;0,956700291;9,695191453;4,643669291;10,32793063;11,50623749;12,5;0,180051881;10,98964882;11,9375;25,79807003
2;1;13;5,00 X 3,00;1;2,444900753;7,575775291;9,914079715;11,7456348;0,65446082;9,946373621;5,214745891;10,59204514;11,64778495;12,6;0,131241096;11,09537318;12,15714286;29,03533739
3;1;13;5,00 X 3,00;1;2,444900753;9,45380362;10,85309388;12,89155039;0,738402319;10,88638053;4,17399611;11,47721037;11,96127392;12,8;0,10786502;12,02343252;12,37272727;23,59975923
4;1;13;5,00 X 3,00;1;2,444900753;7,002817496;10,91615669;12,8597194;0,967998748;10,959539;4,643921556;10,24763535;11,94828697;13;0,173043548;12,12760666;12,45;26,21324634
5;1;13;5,00 X 3,00;1;2,444900753;7,034648485;10,28465738;12,79605742;1,995911005;10,37927529;3,47519821;10,26792242;11,72169089;13;0,292678845;11,9711043;12,28333333;19,54348086
6;2;13;5,00 X 3,00;1;2,447638604;5,665915974;9,441791926;11,39549393;0,991631454;9,49317419;5,298529942;8,821798855;11,29935606;12,3;0,299482818;10,79979971;12;29,05639867
7;2;13;5,00 X 3,00;1;2,447638604;8,244226052;9,846385813;11,23633898;0,497609172;9,871096995;5,217822466;10,72690033;11,39161863;12;0,089673311;10,93167095;11,67142857;28,31415
8;2;13;5,00 X 3,00;1;2,447638604;6,843662553;10,05671999;11,77746579;0,696417448;10,09060847;4,376015537;9,823917674;11,49432169;12,2;0,131913205;11,03474272;11,7;23,82743307
9;2;13;5,00 X 3,00;1;2,447638604;8,594366927;10,17063748;11,77746579;0,409636996;10,19035382;5,578546224;10,91633339;11,71177502;12,9;0,172402435;11,20450799;12,15714286;31,02602475
10;2;13;5,00 X 3,00;1;2,447638604;8,116902098;9,98283465;11,20450799;0,397505335;10,00232687;5,661121833;10,65484318;11,61545838;12,6;0,137356946;10,96350194;12,15714286;31,25650611
17;5;13;5,00 X 3,00;1;2,198494182;7,575775291;9,738372658;11,55464887;0,832463529;9,780169543;4,542000139;8,484868932;10,67249407;12,01628859;0,527120997;11,02147981;10,9875;22,9559927
18;5;13;5,00 X 3,00;1;2,198494182;6,525352667;10,0195271;11,96845172;1,391816754;10,08717541;3,906962069;7,03969042;11,26754953;13,5;1,783074794;11,52635466;12,68724104;21,20428352
19;5;13;5,00 X 3,00;1;2,198494182;3,978873577;9,672073256;11,30000096;1,965499377;9,771356213;5,736889947;2,973407957;10,81851492;12,7;3,096322678;10,91348181;11,85714286;30,23593586
20;5;13;5,00 X 3,00;1;2,198494182;5,952394872;10,42634191;12,0321137;1,116815324;10,47862868;5,70068495;6,183844806;11,77645282;13,8;1,737668024;11,65014183;13,18571429;32,23480315
21;6;13;5,00 X 3,00;1;2,179329227;7,639437268;9,976468453;12,00028271;0,949858802;10,02301274;5,260114372;11;12,34009689;13,6;0,264766835;11,49496576;13,1;31,7717108
22;6;13;5,00 X 3,00;1;2,179329227;6,557183655;9,15964138;11,26816997;1,02808331;9,214629018;5,157180382;10,61923015;12,0766442;13,6;0,360965601;10,73500091;12,725;31,23524322
23;6;13;5,00 X 3,00;1;2,179329227;2,546479089;10,20784437;12,41408556;2,78475849;10,34035598;5,038625864;10,83732788;12,49552765;13,6;0,291576788;11,896832;13,175;30,52138763
24;6;13;5,00 X 3,00;1;2,179329227;4,61549335;10,02817613;11,65014183;1,253893656;10,08912017;4,796757036;11,4;12,20593199;12,51388076;0,062565727;11,28010659;12,2125;28,38945934
25;7;13;5,00 X 3,00;1;2,203969884;7,225634416;9,96240746;11,96845172;1,012243167;10,01198283;4,828660175;9,182699286;11,51438621;13;0,692868892;11,23236011;12,3625;26,61824903
26;7;13;5,00 X 3,00;1;2,203969884;5,98422586;9,792313941;11,87295875;1,274502435;9,855932482;5,289655651;8,5;11,24950828;12,5;0,465460822;11,25623335;11,8;28,28190402
27;7;13;5,00 X 3,00;1;2,203969884;6,748169587;9,713093548;11,39549393;1,240429531;9,775416795;4,803307854;8,676791532;11,23068798;12,8;0,910451995;11,10503615;12,225;25,91262672
28;7;13;5,00 X 3,00;1;2,203969884;4,424507418;9,288042245;10,82253613;1,498359428;9,366846707;4,86957785;5,530395613;10,90485477;12,4;1,067350686;10,58778259;11,6125;25,60216834
40;11;13;5,00 X 3,00;1;2,428473648;8,244226052;10,55064644;12,3185926;0,811645558;10,58824237;5,635307295;10,37531579;12,56819941;14,2;0,747553889;11,72574043;13,6625;34,30471122
41;11;13;5,00 X 3,00;1;2,428473648;9,485634608;10,67332837;12,06394469;0,357993881;10,68973686;5,743860516;10,4;12,5659317;14;0,450912505;11,65412071;13,4375;34,66089117
42;11;13;5,00 X 3,00;1;2,428473648;5,411268065;9,736218987;11,84112777;2,12239761;9,842316819;4,767834339;9,43725003;11,97366388;13,3;0,767192461;11,29204321;12,8375;27,83839276
43;11;13;5,00 X 3,00;1;2,428473648;8,339719018;10,51284714;11,93662073;0,727345524;10,54666523;5,591137555;10,47669865;12,3563518;13,27732693;0,42589429;11,58647986;12,92216587;33,1159401
53;15;13;5,00 X 3,00;1;2,242299795;5,092958179;9,675576901;11,77746579;1,481415919;9,750585561;6,073231671;10,08273753;11,73336408;13,1;0,332741486;11,13288827;12,3;34,49446647
54;15;13;5,00 X 3,00;1;2,242299795;6,302535746;9,358310654;10,9180291;0,912986915;9,406180926;5,744430291;9,417170234;11,38605704;12,6;0,251555185;10,60369808;11,5625;31,99861873
55;15;13;5,00 X 3,00;1;2,242299795;6,875493542;9,71656531;11,14084602;0,915126573;9,762623845;5,09016554;9,979044101;11,86468086;13;0,356139241;10,93792346;12,525;29,57840029
56;15;13;5,00 X 3,00;1;2,242299795;6,557183655;10,12098114;11,39549393;1,184298238;10,17815659;5,424214789;10,25788268;12,02141334;13,1;0,335730027;11,20848687;12,65669909;31,21932203
61;17;13;5,00 X 3,00;1;2,442162902;7,161972439;10,12680166;11,42732491;0,758553221;10,16329693;4,54304602;10,495666;12,08981824;13;0,272515008;11,01750094;12,65;26,22110019
62;17;13;5,00 X 3,00;1;2,442162902;7,321127382;9,373925856;10,82253613;0,733784482;9,412248692;4,916898859;10,10272464;11,63794809;13,1;0,437477064;10,42862765;12,375;28,28202731
63;17;13;5,00 X 3,00;1;2,442162902;7,225634416;9,98772341;10,94986008;0,469570746;10,0107607;5,562098144;10,01985441;12,11312315;13,5;0,411014058;10,77081077;12,825;32,80530761
64;17;13;5,00 X 3,00;1;2,442162902;7,60760628;9,734977352;11,23633898;0,626951596;9,766361054;4,195111032;10,34263075;11,44954712;12,03826169;0,200420239;10,72306429;11,2375;23,12379269
65;17;13;5,00 X 3,00;1;2,442162902;6,46169069;9,803252516;12,06394469;1,098208562;9,857895027;4,681174473;8,8;11,75874968;12,8;0,48658235;11,02943756;12,3292797;26,74991392
66;17;13;5,00 X 3,00;1;2,442162902;7,671268257;9,854751649;11,84112777;0,635711342;9,886334821;5,32233971;10,39423758;11,76865221;12,37497679;0,159987449;11,00954319;12,1093721;30,26121455
83;22;13;5,00 X 3,00;1;2,425735797;4,997465213;10,48871884;12,35042358;1,991061076;10,58079539;4,57224883;5,069866863;12,66474779;14,5;3,06959053;11,80133903;13,9875;29,15227644
84;22;13;5,00 X 3,00;1;2,425735797;7,798592212;9,842508961;11,84112777;0,8555615;9,885043806;5,320949757;9,515072857;11,88335071;13,6;0,900142925;11,09309953;12,8625;31,26633724
85;22;13;5,00 X 3,00;1;2,425735797;8,658028904;10,75200865;12,76422644;1,055414692;10,80001899;6,229423149;10,63734549;13,00487896;15,2;1,259128608;12,09975455;14,3;40,14333508
86;22;13;5,00 X 3,00;1;2,425735797;8,721690881;10,1449908;11,80929678;0,355130749;10,1621219;5,298994863;10,7;12,23408261;14,2;0,598799275;11,08116291;13,275;31,89068103
87;23;13;5,00 X 3,00;1;2,436687201;4,933803236;11,05932763;13,24169127;2,287581495;11,15977215;5,347159393;12,6;13,47856492;13,9;0,082695561;12,61700811;13,3375;34,74711753
88;23;13;5,00 X 3,00;1;2,436687201;7,225634416;10,6821053;12,47774754;0,595532541;10,7093991;6,125323084;13;13,54710356;13,8;0,040683005;11,68993057;13,49256043;40,58650578
89;23;13;5,00 X 3,00;1;2,436687201;8,403380995;10,77697413;12,12760666;0,455590901;10,79767702;6,226721759;13,4;13,86127992;15,1;0,203923842;11,62228972;14,4125;42,74199941
116;31;13;5,00 X 3,00;1;2,417522245;8,244226052;10,95702206;12,3185926;0,689840732;10,98767159;5,057081472;10,55139044;12,79067523;14,1;0,501684119;12,0161982;13,5625;30,80576518
117;31;13;5,00 X 3,00;1;2,417522245;7,734930234;10,36607975;11,71380381;0,57197297;10,3930815;5,65571202;10,04453014;12,32740814;14,8;0,604289156;11,36366294;13,02447884;33,8645908
118;31;13;5,00 X 3,00;1;2,417522245;7,257465405;9,424287612;11,04535305;0,65595539;9,458394469;5,152596719;9,531484751;11,62420987;13,1;0,607784007;10,46841638;12,65023453;29,7239817
119;31;13;5,00 X 3,00;1;2,417522245;5,665915974;10,80343754;12,5732405;1,580920388;10,87428222;4,334089373;7,508419057;12,61589372;14,3;1,238328889;12,11964892;13,46865513;26,34173269
120;31;13;5,00 X 3,00;1;2,417522245;6,557183655;9,151409228;11,33183195;1,101640416;9,210206212;4,441578377;8,704981611;11,11074473;11,88414842;0,345128144;10,53605723;11,3625;24,01663894
124;33;13;5,00 X 3,00;1;2,379192334;4,965634224;10,62942813;12,63690248;2,726341198;10,75409216;5,449901336;10,61063581;13,42238102;15,1;0,991601726;12,07986018;14,3;36,06966945
125;33;13;5,00 X 3,00;1;2,379192334;6,493521678;10,16081885;11,90478974;1,002854687;10,20910421;5,675540604;10,20349259;13,05684436;14,3;0,620403146;11,27612772;13,85;36,8161967
126;33;13;5,00 X 3,00;1;2,379192334;3,023943919;9,820198616;11,65014183;2,754300622;9,956505378;4,879106987;10,9620448;12,81571327;13,7;0,239139436;11,13686714;13,0625;30,59870458
127;33;13;5,00 X 3,00;1;2,379192334;6,366197724;10,63644727;11,55464887;1,025703531;10,68363183;6,215410086;9,015515994;13,40776137;14,7;1,023067057;11,4750714;14,1875;41,67929964
131;35;13;5,00 X 3,00;1;2,412046543;7,734930234;10,5727853;12,38225457;0,761324092;10,60780806;4,595624447;11,8;13,04919335;14;0,167743982;11,69390944;13,2;29,34531524
132;35;13;5,00 X 3,00;1;2,412046543;7,321127382;9,871975431;11,52281788;0,874240496;9,915291092;5,250609638;11,79836012;13,04271031;14,6;0,322499443;11,21644461;13,875;34,28872939
133;35;13;5,00 X 3,00;1;2,412046543;8,05324012;10,60695353;12,47774754;1,360242246;10,66943254;5,245222774;12,18964316;13,10750757;14,2;0,165253708;12,07588131;13,5125;33,5559784
134;36;13;5,00 X 3,00;1;2,379192334;6,398028712;10,58513001;11,84112777;0,753741579;10,61993483;5,669092707;9,230431992;12,74130577;13,4;0,391195377;11,53077563;13,0875;35,17695914
135;36;13;5,00 X 3,00;1;2,379192334;5,029296202;10,80564622;12,44591655;1,425931099;10,87008835;6,063045754;7,5;13,02801358;14,6;1,167610847;12,1673954;14,0625;38,70103249
136;36;13;5,00 X 3,00;1;2,379192334;7,193803428;10,3113679;12,25493062;0,866231751;10,35246612;5,723826092;10,11830827;12,50913141;13,5;0,375567433;11,49894464;13,0125;35,0700205
137;37;13;5,00 X 3,00;1;2,373716632;7,894085177;10,22769453;11,4591559;0,502689154;10,25172921;5,282799256;10,64778231;12,50767368;13,4;0,25964786;11,06524742;12,9125;32,49169208
138;37;13;5,00 X 3,00;1;2,373716632;8,498873961;10,22881899;11,68197282;0,40709579;10,24826736;5,059264016;11,21398922;12,56342967;13,7;0,298998105;11,14084602;13,3;31,33858742
139;37;13;5,00 X 3,00;1;2,373716632;7,957747155;9,776918183;10,88619811;0,540408077;9,803996168;5,334709232;10,70998213;12,14696306;13,4;0,243844516;10,74693753;12,4625;31,81992156
140;37;13;5,00 X 3,00;1;2,373716632;5,029296202;10,82137864;12,73239545;1,633446221;10,89522753;6,836973801;7,033094649;12,98304283;14,5;1,403446371;12,13954328;13,98019091;43,43754474
141;37;13;5,00 X 3,00;1;2,373716632;6,939155519;10,41208391;11,55464887;0,742817593;10,44707026;6,514671248;9,632648153;12,66171576;13,8;0,456751206;11,44324041;13,275;40,46164032
190;52;13;5,00 X 3,00;2;3,312799452;9,199155711;12,43955035;13,84648005;1,188490496;12,48564324;7,920264614;11,54036917;16,14549068;17,5;1,536954806;13,66822651;17,18;63,46515369
191;52;13;5,00 X 3,00;2;3,312799452;10,98169107;11,60770052;12,25493062;0,117066729;11,61257404;7,205416393;14,22321264;14,94297777;15,6;0,137671987;12,13556441;15,4;53,18561233
192;52;13;5,00 X 3,00;2;3,312799452;9,230986699;12,00849716;13,36901522;1,015844008;12,0493601;8,089986536;11,59172783;15,60567708;18,5;2,211656946;13,15415605;16,875;63,57721703
193;52;13;5,00 X 3,00;2;3,312799452;6,016056849;11,51563024;12,73239545;1,333839998;11,57154063;7,391897996;5,838702592;14,94282413;16,5;3,470414571;12,52549402;16,275;55,66787521
206;57;13;4,50 X 2,00;2;3,323750856;5,888732894;10,39154454;12,73239545;1,485584015;10,46136083;9,079139583;10,92299557;15,41598421;16,7;1,033018687;12,15943765;16,56;73,40939807
207;57;13;4,50 X 2,00;2;3,323750856;6,207042781;9,713348604;12,00028271;1,063093035;9,76687207;7,928421809;11,38409662;15,01437057;16,5;0,91309001;11,29363476;16,05502324;63,50753145
208;57;13;4,50 X 2,00;2;3,323750856;5,315775099;9,191666066;11,01352206;1,129673981;9,251715981;7,226574726;12,64346116;14,51923179;16;0,512321545;10,72067697;15,3;55,79502826
213;59;13;3,5 X 3,00;2;3,285420945;6,493521678;10,14135297;11,96845172;1,718471752;10,22386051;7,124015196;11,61414246;15,1682705;16,8;1,186121793;11,77109959;16,06;57,0441183
214;59;13;3,5 X 3,00;2;3,285420945;6,079718826;11,38412572;15,11971959;3,267574634;11,52337162;8,802033681;11,02232692;16,0908461;18,5;2,068992301;13,96743781;17,5;73,62825411
215;59;13;3,5 X 3,00;2;3,285420945;9,835775483;11,85125581;13,36901522;0,577897045;11,87505904;9,234439902;15,07949584;16,45709351;17,9;0,286258553;12,98704336;17,06;77,02756958
216;59;13;3,5 X 3,00;2;3,285420945;5,952394872;11,44217938;13,27352225;2,030135713;11,52859447;9,160602584;10,83051367;16,01420203;17,3;1,187822013;13,1525645;16,72;75,3671683
247;70;13;5,00 X 3,00;2;3,329226557;9,230986699;12,07455502;13,68732511;1,032101832;12,11579866;8,314827073;15,21544655;16,57287054;18;0,611657272;13,40880396;17,725;69,74512245
248;70;13;5,00 X 3,00;2;3,329226557;7,193803428;11,62139126;13,05070533;1,222970655;11,67220009;5,865657947;14,06898571;15,96059306;16,3;0,158270702;12,66342831;16,06666667;47,33437778
249;70;13;5,00 X 3,00;2;3,329226557;11,30000096;12,57653337;14,00563499;0,359715158;12,5903337;7,737138976;15,7;16,1397016;16,41811038;0,054201458;13,47724058;15,82;61,50394763
250;71;13;4,50 X 2,33;2;3,370294319;5,665915974;9,901158054;12,89155039;2,512762312;10,02386057;6,479644449;10,12468771;12,65955046;13,7;0,799296876;12,10214187;13,29;40,13290251
251;71;13;4,50 X 2,33;2;3,370294319;6,207042781;9,323518643;10,98169107;0,830149255;9,36690148;6,9633794;7,919206377;12,22639109;14,1;1,679856059;10,83845162;13,88152747;43,0269128
252;72;13;5,00 X 3,00;2;3,331964408;6,68450761;11,20348119;13,1461983;1,28485284;11,25883638;6,63378732;8,860763549;13,97976888;15,57625895;1,333734158;12,46501514;14,91525179;45,99494424
253;72;13;5,00 X 3,00;2;3,331964408;6,525352667;10,33658304;12,19126864;1,269165451;10,39575917;5,713732453;8,616170193;13,08904631;14,4;1,193110717;11,84112777;13,875;37,02843328
254;72;13;5,00 X 3,00;2;3,331964408;4,61549335;10,88892648;13,59183214;5,277425388;11,12184165;7,451957845;5,297074767;13,73877012;16,5;8,163463207;12,99340955;16,2;54,00236314
255;72;13;5,00 X 3,00;2;3,331964408;7,862254189;11,76579443;14,22845191;1,515449298;11,82788454;7,384656365;12,99017958;14,46419048;15,5;0,410968574;13,42471945;15,1;51,83224786
264;77;13;4,50 X 2,33;2;3,370294319;5,411268065;9,954216371;11,77746579;1,775645328;10,04095488;6,796812937;9,343176365;13,43189356;14,8;1,406381988;11,53555028;14,71195175;46,2041673
265;77;13;4,50 X 2,33;2;3,370294319;5,506761031;11,16272982;13,68732511;3,567318685;11,31646486;6,74693649;12,05341749;14,51917544;16;1,172576542;13,1525645;15,53432589;48,53720685
266;77;13;4,50 X 2,33;2;3,370294319;7,193803428;9,364232698;11,61831085;0,6754869;9,399395296;6,214013433;10,25267226;12,63885569;14,2;0,551852666;10,65064879;13,3;39,80360219
267;77;13;4,50 X 2,33;2;3,370294319;3,183098862;11,02906743;13,68732511;6,006192975;11,29189277;7,674252412;5,696185666;14,31880756;16;4,191525862;13,39023588;15,8;55,77929514
268;77;13;4,50 X 2,33;2;3,370294319;8,562535938;10,37400856;11,77746579;0,754857813;10,40950314;7,585947124;11,947025;13,82659644;15,9;0,887479252;11,66924043;15,04;52,8228431
280;82;13;5,00 X 3,00;2;3,277207392;3,978873577;9,308152732;11,14084602;2,909882987;9,458510031;4,834202403;11,21407315;13,14005596;14;0,206336189;10,94349389;13,5;32,2777208
281;82;13;5,00 X 3,00;2;3,277207392;4,901972247;9,448016167;11,61831085;2,675351313;9,584325201;5,156865949;11,81407682;13,09374885;13,7;0,15107939;11,20450799;13,3;33,87283235
288;85;13;5,00 X 3,00;2;3,285420945;8,021409132;10,72045744;12,09577567;0,831295391;10,75782682;5,724101708;11,26884239;13,80443649;15;0,747641202;11,83476157;14,58;39,38093589
289;85;13;5,00 X 3,00;2;3,285420945;9,230986699;10,50847038;11,77746579;0,480313653;10,53053906;6,122354316;12,49041381;13,38924833;14,1;0,178192825;11,44324041;13,65;40,67363107
290;86;13;5,00 X 3,00;2;3,285420945;9,867606472;10,85648918;12,09577567;0,343928353;10,87179017;6,073722921;13,48520213;13,77871991;14,1;0,02267658;11,69470522;13,86;41,26622318
291;86;13;5,00 X 3,00;2;3,285420945;8,403380995;11,10560456;13,84648005;1,442013539;11,16803321;5,921002621;12,88664645;13,90897908;14,9;0,246335021;12,52231092;14,4;40,64113579
310;92;13;5,00 X 3,00;2;3,277207392;8,594366927;11,74228417;15,59718442;1,715000116;11,8131751;8,99550957;9,357556446;14,68903012;18,5;5,053234069;13,74462089;17,82;67,24432643
311;92;13;5,00 X 3,00;2;3,277207392;8,912676813;10,40555018;11,61831085;0,389218832;10,42376913;6,947744463;9,915639795;12,31334325;14;0,866966002;11,33183195;13,2908201;41,11023088
312;92;13;5,00 X 3,00;2;3,277207392;9,549296586;11,26109642;13,05070533;0,696459301;11,29112066;7,063840926;11,00539557;13,55078581;15,8;1,113326103;12,68146587;14,76;47,15185936
313;92;13;5,00 X 3,00;2;3,277207392;8,371550007;11,19097982;13,33718423;0,871616132;11,22888486;8,163819365;8,962172822;13,60267533;16;1,962481345;12,55414191;15,02;54,71365864
340;100;13;5,00 X 3,00;2;3,277207392;7,321127382;11,86022636;13,36901522;1,829203736;11,9345381;7,604294293;12,19773301;16,44564171;17,6;1,317805777;13,32126874;17,375;64,18854463
341;100;13;5,00 X 3,00;2;3,277207392;8,785352859;11,21617936;13,62366313;2,273820888;11,31373971;6,502124843;13,91908012;16,01170229;18;1,481644043;13,29898704;17,58;54,01629285
342;100;13;5,00 X 3,00;2;3,277207392;7,798592212;10,57507586;13,20986028;1,269467273;10,63300269;6,348251409;12,80382241;15,4151695;17,3;0,673382327;12,66873347;16,375;51,08973345
353;106;13;5,00 X 3,00;2;3,238877481;5,729577951;10,73977556;12,47774754;1,575767832;10,81106622;7,539612893;12,40751596;13,81619201;16,3;0,401376084;12,17853625;14,64249119;51,46621016
354;106;13;5,00 X 3,00;2;3,238877481;8,689859893;10,23114987;13,1461983;0,951577425;10,27633026;6,273980685;12,8732302;13,48121023;14,6;0,160004869;11,98755031;13,83765791;42,19644816
355;106;13;5,00 X 3,00;2;3,238877481;5,793239929;9,191616792;11,4591559;1,335875127;9,262102341;5,27757601;11,90424572;12,88374657;13,9;0,219084208;10,70794457;12,94;34,38732155
365;110;13;5,00 X 2,40;2;3,216974675;6,302535746;10,69998682;12,73239545;1,569571652;10,77126039;7,760341892;12,41629159;13,93193329;14,92822794;0,298189982;12,2931278;14,65914887;53,6048334
366;110;13;5,00 X 2,40;2;3,216974675;9,867606472;10,90007315;11,93662073;0,338721776;10,91520185;5,950287978;13,54567435;14,21233577;15,2;0,211729431;11,73502447;14,78333333;42,06851095
367;111;13;5,00 X 3,00;2;3,238877481;6,047887837;10,69191931;12,44591655;2,095129917;10,78610322;6,462985279;13,1;14,14386616;15;0,156082055;12,10373342;14,45;45,10964826
368;111;13;5,00 X 3,00;2;3,238877481;8,085071109;10,59971921;13,30535324;1,433550004;10,66480964;5,95791868;13,17912287;13,97797888;15;0,164480135;11,41936717;14,375;41,95304092
369;111;13;5,00 X 3,00;2;3,238877481;8,435211984;11,28459887;12,98704336;1,062580311;11,33006951;6,767451927;13,33259474;14,2727269;14,9;0,125827653;12,5796067;14,64;47,73861973
397;129;13;5,00 X 3,00;2;3,238877481;5,920563883;10,88321395;12,73239545;2,435065693;10,99105617;6,664439002;12,26509766;14,73264425;15,8;0,723047406;12,36952218;15,44;49,61137771
375;115;14;5,00 X 3,00;2;3,247091034;4,456338407;10,36014914;14,64225476;5,364604716;10,61257311;13,66517101;8,682685144;13,61288119;15,8;1,429427334;13,94833921;15,04;93,02080472
376;115;14;5,00 X 3,00;2;3,247091034;5,76140894;9,741957832;12,73239545;2,707572985;9,876338566;6,238814421;10,38036278;13,1692496;15,1;0,877742398;12,0257475;14,22;41,66754217
377;115;14;5,00 X 3,00;2;3,247091034;5,729577951;9,987768454;12,66873347;2,458908599;10,10707448;6,854984869;10,34525578;13,27830284;14,3;0,801037369;11,98755031;13,96;45,92019158
225;63;15;"4,50 X 2,33;4,50 X 2,00";2;3,370294319;8,467042972;11,00617645;12,5732405;0,901676493;11,04601632;6,272645913;9,662548526;13,60146411;15,7;2,07157717;12,14352216;14,83993821;42,62697767
226;63;15;"4,50 X 2,33;4,50 X 2,00";2;3,370294319;8,339719018;10,79388824;12,00028271;0,709341813;10,82587787;5,966512748;9,445950556;13,17080807;15;1,454794337;11,79338128;14;38,8391979
227;63;15;"4,50 X 2,33;4,50 X 2,00";2;3,370294319;5,092958179;11,93025453;14,16478994;2,651923505;12,03813103;7,647080234;9,28242762;15,11469184;17,45380607;2,96057007;13,74037675;16,94230101;58,11428803
222;62;16;4,50 X 2,00;2;3,370294319;11,01352206;13,55265554;16,39295914;1,987054937;13,6229623;8,274844213;15,24705269;16,24597239;17,3;0,271438278;15,59718442;16,62;64,65875516
223;62;16;4,50 X 2,00;2;3,370294319;7,225634416;12,77711041;15,6608464;4,536819571;12,94926061;12,94210021;11,93919773;16,26873153;18,4;2,250188944;15,35845201;17,9;106,1537524
224;62;16;4,50 X 2,00;2;3,370294319;8,594366927;12,1601008;15,62901541;3,839921507;12,31373114;12,5584726;13,42968337;15,90600458;18,5;1,661343158;14,97329705;17,68;100,6550915
229;64;16;4,50 X 2,33;2;3,370294319;6,207042781;9,093364484;13,91014203;3,0554613;9,254991757;4,90056156;6,282536001;10,07218679;15,25780431;3,723438486;11,11538123;12,61156086;25,60004848
230;65;16;4,50 X 2,00;2;3,370294319;4,647324338;9,635793837;14,32394488;6,308466878;9,950871779;8,448470511;2,523816125;10,60898041;15,2;13,89739979;13,31331099;14,525;49,1229111
231;65;16;4,50 X 2,00;2;3,370294319;6,525352667;11,57435377;14,64225476;3,150147383;11,70644305;10,53293999;5,795579806;15,31853003;20,5;10,89904817;14,32394488;18,74072524;80,58491782
232;65;16;4,50 X 2,00;2;3,370294319;4,456338407;11,68612469;15,72450838;6,210340493;11,94323421;11,74745463;3,249546832;15,07540302;19;12,85643541;15,04809987;18,425;90,1687555
234;65;16;4,50 X 2,00;2;3,370294319;7,512113314;12,99149969;16,2338042;4,418100287;13,15708184;16,47912048;7,593688436;16,18538178;20,8;9,623234563;15,91549431;19,925;138,7630494
235;66;16;"4,50 X 2,33;4,50 X 2,00";2;3,370294319;8,021409132;12,47639303;17,18873385;3,331042169;12,6063695;13,49951158;8,735316391;15,23821796;19,7;7,627669289;15,83591684;19,075;104,2480408
236;66;16;"4,50 X 2,33;4,50 X 2,00";2;3,370294319;5,029296202;11,86841147;18,71662131;7,129085574;12,15806466;11,69540701;3,606042383;13,46986211;17,5;8,448799272;16,56007183;16,725;80,62779573
237;66;16;"4,50 X 2,33;4,50 X 2,00";2;3,370294319;6,079718826;10,58176327;12,76422644;1,740846977;10,66160981;5,726595105;9,295910537;12,44991175;14,6;1,919987625;12,20718414;13,9;34,26853239
238;66;16;"4,50 X 2,33;4,50 X 2,00";2;3,370294319;3,469577759;11,51689584;15,11971959;4,449652743;11,70406178;10,51928442;8,109339308;13,73657384;17,55878591;4,271236698;14,84119844;17,09269335;71,84998931
13;4;17;5,00 X 3,00;1;2,140999316;6,493521678;10,87840276;13,05070533;1,466942054;10,94425197;8,664559642;6,503905146;10,90020825;13,3;1,342400822;12,68783206;12,32;45,21112535
14;4;17;5,00 X 3,00;1;2,140999316;7,098310462;9,442569153;11,4591559;1,441590649;9,517112817;2,865740008;7,247529295;9,55693645;11,5;1,20537822;10,87640396;10,69904504;13,17907396
15;4;17;5,00 X 3,00;1;2,140999316;4,13802852;9,484386334;11,77746579;2,467979802;9,611096305;4,707424566;3,155463061;9,587646862;11,3;2,818850266;11,06524742;10,925;22,14725357
16;4;17;5,00 X 3,00;1;2,140999316;6,079718826;10,49340371;12,60507149;3,222576489;10,64282135;4,752231421;5,965076087;10,32254199;12,1;2,509712315;12,37164424;11,68888889;24,01276596
37;10;17;TESTE;1;2,102669405;3,756056657;8,591435125;10,40873328;1,083168781;8,653419791;5,959608835;8,213643678;10,21394282;11,6;0,478821646;10,02278254;11,0125;29,37294626
38;10;17;TESTE;1;2,102669405;7,671268257;9,605724247;11,36366294;0,661574189;9,639579278;6,422272254;9,47817205;10,92364581;11,97470085;0,301711368;10,79070514;11,6676934;33,29911629
39;10;17;TESTE;1;2,102669405;8,021409132;10,59096569;12,41408556;0,988374507;10,63636307;4,738871323;9,780597561;11,57135308;12,8;0,413893331;11,70186719;12,275;25,99396543
57;16;17;5,00 X 2,40;1;3,216974675;5,920563883;10,01109855;11,4591559;1,169601836;10,06842246;6,687934746;10,11961713;13,36975579;14,7;0,623021097;11,21246574;14,23457333;44,7096537
58;16;17;5,00 X 2,40;1;3,216974675;5,411268065;9,939110866;12,89155039;2,190725085;10,04713393;7,293938413;7,691217782;13,12567768;15,5;1,819043035;11,86500101;14,5;48,64030069
59;16;17;5,00 X 2,40;1;3,216974675;6,207042781;11,02112349;13,36901522;1,678986873;11,09590422;8,638310668;8,957773843;14,09633401;16,7;1,616657044;12,80401517;15,50415514;61,15978747
60;16;17;5,00 X 2,40;1;3,216974675;6,111549815;10,91405022;13,81464906;2,226798376;11,01401366;8,130173498;8,813853224;13,86511069;15,6;1,847276145;12,89950814;15,1625;56,47504921
90;24;17;5,00 X 3,00;1;2,32991102;6,111549815;10,76311828;13,49633917;2,087934842;10,85754353;5,555258725;9,755786461;11,83766998;13,1;0,478512338;12,35838133;12,32586381;31,24919952
91;24;17;5,00 X 3,00;1;2,32991102;6,143380803;10,71282081;13,08253632;2,321259882;10,81833633;5,76033093;8,646459873;11,78683003;13,2;0,792158905;12,39021232;12,62825514;32,58095208
92;24;17;5,00 X 3,00;1;2,32991102;7,034648485;10,09307597;13,4326772;2,048362224;10,19195127;5,221370753;9,488867653;11,39201413;12,9;0,600982175;11,99630384;12,1625;28,59404572
296;88;17;5,00 X 2,40;2;3,26899384;8,339719018;11,850342;14,00563499;1,34751193;11,9055725;8,204033904;10,62213915;15,35184309;17,3;2,425589062;13,46450819;16,96;63,60645064
297;88;17;5,00 X 2,40;2;3,26899384;4,456338407;10,37320101;12,09577567;2,089494146;10,47111267;7,641025172;3,604478371;13,33667887;15,1;4,802864134;11,82202917;14,76;52,06380852
298;88;17;5,00 X 2,40;2;3,26899384;5,411268065;11,19130978;13,68732511;2,496350087;11,29959637;8,612441426;5,429040454;14,54665227;16,5;3,744608784;12,87881799;16,08;63,49459521
322;95;17;5,00 X 2,40;2;3,216974675;6,366197724;10,96729134;12,73239545;1,847762418;11,04921931;7,833785057;8,163633675;13,75938886;15,3;2,193611575;12,52867712;14,84;54,02612758
323;95;17;5,00 X 2,40;2;3,216974675;5,506761031;9,820268078;12,35042358;2,356990529;9,936509448;6,21615006;8,267358521;12,85455412;15,14342909;2,068409185;11,4718883;14,18109819;40,03881386
324;95;17;5,00 X 2,40;2;3,216974675;5,729577951;11,41777562;15,53352245;4,148567286;11,59355222;8,823614431;10,87384992;14,77797214;17,32694288;1,274300535;13,88467724;16,22538858;63,83467016
325;95;17;5,00 X 2,40;2;3,216974675;5,729577951;10,12941635;11,77746579;2,726240645;10,25978364;6,50729001;10,09683138;13,59121368;15,5;1,273394758;11,68197282;14,92;43,54865855
336;99;18;5,00 X 3,00;2;3,310061602;5,729577951;11,31790589;13,36901522;2,263903368;11,41438348;7,058477641;8,726883998;14,7753188;16,2;1,991883964;12,70693066;15,89988408;53,19937214
337;99;18;5,00 X 3,00;2;3,310061602;10,02676141;13,2016078;14,41943784;0,997358391;13,23793291;7,984865734;13,995483;16,21774384;17;0,459395921;14,12022655;16,76;63,79269781
338;99;18;5,00 X 3,00;2;3,310061602;6,207042781;13,14927872;15,27887454;2,689966299;13,24789508;8,706798197;9,498984363;16,47098626;19,9;3,1792818;14,57222659;18,46;72,09387589
339;99;18;5,00 X 3,00;2;3,310061602;11,77746579;13,96941352;15,59718442;0,897975211;14,00041159;9,8225906;15,36894398;16,43184678;16,98803904;0,137631606;15,17064918;16,42;77,49156856
50;14;19;5,00 X 3,00;1;2,245037645;7,098310462;10,79588693;13,1461983;1,742769241;10,87443858;5,324891494;10,24589542;12,22204052;13,7;0,460919908;12,34246584;12,9625;31,10571254
51;14;19;5,00 X 3,00;1;2,245037645;6,716338598;10,13345417;11,77746579;1,141111953;10,18856583;5,870140414;9,945356622;11,92772959;12,9;0,334037729;11,25225448;12,5;33,61362903
52;14;19;5,00 X 3,00;1;2,245037645;3,628732702;8,921165077;11,77746579;3,759869988;9,126028261;5,23291267;8,875493454;11,47587914;12,9;0,814825228;11,47905027;12,65216812;29,57098525
77;21;20;5,00 X 3,00;1;2,220396988;9,517465597;11,01289792;12,28676161;0,427960018;11,03193045;6,499827397;10,42277375;12,45041391;14,7;1,493407452;11,86897988;14,0875;38,83452367
78;21;20;5,00 X 3,00;1;2,220396988;7,002817496;9,724054954;11,71380381;0,879239802;9,768277461;5,096062761;7,232240782;10,54150144;12,3;0,969402734;11,00158544;11,6125;25,60266757
79;21;20;5,00 X 3,00;1;2,220396988;5,252113122;9,349216086;12,09577567;1,86300971;9,446564619;5,233165196;7,856181824;10,33542218;12,5;1,262466331;11,22042349;11,6125;25,70226823
80;21;20;5,00 X 3,00;1;2,220396988;5,283944111;10,69460004;12,8597194;2,766048064;10,82068967;6,375905114;4,611774542;11,46391668;13,9;3,444953219;12,59711375;12,9875;35,70582877
81;21;20;5,00 X 3,00;1;2,220396988;4,297183463;9,188545381;11,4591559;2,833917955;9,337591746;3,560926331;8,785060308;10,25259911;11,84550818;0,549927596;10,85038825;10,68068852;16,93387839
82;21;20;5,00 X 3,00;1;2,220396988;5,252113122;9,461598964;12,66873347;3,645643023;9,648476413;4,776856302;6,536120247;10,59545509;14,1;3,356142473;12,02813482;12,525;24,42636841
93;25;21;5,00 X 3,00;1;2,318959617;4,870141259;10,30706415;13,87831104;3,87032303;10,49038266;7,72122275;9,028036076;12,35571916;13,6;0,652739209;13,0109166;13,325;46,17443027
94;25;21;5,00 X 3,00;1;2,318959617;2,164507226;10,13736061;12,35042358;3,508485519;10,30607102;6,562463355;8,592765148;12,1535402;13,6;0,614172579;11,90081087;12,775;38,33784035
95;25;21;5,00 X 3,00;1;2,318959617;3,437746771;9,128181209;11,96845172;2,988296129;9,288250962;6,685412671;9,514695654;11,71230646;12,8;0,444830039;11,62228972;12,425;38,71066541
96;25;21;5,00 X 3,00;1;2,318959617;2,419155135;9,683926013;12,3185926;3,712624099;9,870672947;6,223747683;8,779522742;12,10965908;13,8;1,108772192;11,6103531;13,275;37,23622568
33;9;22;5,00 X 3,00;1;2,201232033;7,957747155;11,84709608;14,16478994;1,196480569;11,89643809;7,113834435;10,4297207;13,03106275;14,6;0,63725913;13,23771239;13,975;43,99951212
34;9;22;5,00 X 3,00;1;2,201232033;5,729577951;10,0869635;13,20986028;1,854323035;10,17648487;4,98863848;9,224467075;11,58968558;12,4;0,366454142;11,79338128;11,675;27,71288181
35;9;22;5,00 X 3,00;1;2,201232033;5,665915974;10,62764113;13,1461983;2,553368739;10,74501414;6,891558642;8,695632801;12,2826235;14,1;1,36271609;12,52549402;13,7;41,08705379
36;9;22;5,00 X 3,00;1;2,201232033;3,310422816;10,68924387;13,27352225;2,989736174;10,82531221;5,890480416;9,646562141;12,328018;14;0,683494127;12,72045883;13,35;34,82217554
44;12;22;5,00 X 3,00;1;2,283367556;7,798592212;11,36655666;13,36901522;1,561257095;11,43378682;7,529592771;10,89627898;13,11475905;14,2;0,438405942;12,80799405;13,67151323;47,23560545
45;12;22;5,00 X 3,00;1;2,283367556;7,448451337;11,49226013;14,48309982;1,374616641;11,5507215;6,98581126;10,59443742;13,1344678;14,8;0,53366328;13,16609267;14,15;43,87587282
46;12;22;5,00 X 3,00;1;2,283367556;8,880845825;12,46077101;14,45126883;2,057031881;12,54121742;7,411745963;11,71941701;13,60618983;14,34680844;0,366761978;14,11306458;14,23574688;47,83923129
67;18;22;5,00 X 3,00;1;2,384668036;6,207042781;10,4060807;13,05070533;3,656437197;10,57670917;5,62303751;5,936715222;11,40856456;13,7;4,137575026;12,63690248;13,2375;31,63356708
68;18;22;5,00 X 3,00;1;2,384668036;9,103662745;13,21060053;15,27887454;1,549948184;13,2677756;7,926716185;10,00632314;14,37241231;16,3;1,663623795;14,43933221;15,65;54,19027367
69;18;22;5,00 X 3,00;1;2,384668036;7,798592212;11,00442749;13,05070533;1,397356806;11,06623291;5,386138561;8,272650027;11,99162951;13,6;1,605390548;12,3026771;13,125;30,88248249
70;19;22;5,00 X 3,00;1;2,299794661;5,252113122;12,13267068;14,22845191;2,927095629;12,24999056;6,914372972;11,77014696;13,38993329;14,5;0,272705993;13,57591665;13,975;43,53940743
71;19;22;5,00 X 3,00;1;2,299794661;7,639437268;11,43342021;12,66873347;0,876544463;11,47087583;6,476190766;10,50682061;12,86301388;13,6;0,279986873;12,37031795;13,325;39,42106345
72;19;22;5,00 X 3,00;1;2,299794661;4,265352475;9,687855007;12,41408556;1,857769715;9,781870179;6,813673518;6,394838478;12,0236514;13,4;0,839741884;11,45119816;12,85;40,41556817
142;38;22;5,00 X 3,00;1;2,368240931;8,212395064;12,77463272;14,92873366;1,235868958;12,82198672;8,952464488;10,02532441;15,18931511;17,4;1,530505549;14,08919134;16,6125;65,59053622
143;38;22;5,00 X 3,00;1;2,368240931;8,339719018;11,90885327;13,81464906;1,020199343;11,95070204;7,029319977;11,5;14,33536103;16,5;1,370331839;13,24964901;16,125;49,57423832
144;38;22;5,00 X 3,00;1;2,368240931;8,116902098;11,28297508;13,68732511;2,289393099;11,38163776;5,833196308;9,936544087;13,30462585;14,8;1,671832249;13,16211379;14,3;37,99780935
145;38;22;5,00 X 3,00;1;2,368240931;6,270704758;11,59037753;13,4326772;1,421689567;11,65030157;6,964645774;7,046727465;13,89638053;15,8;1,809729284;12,96714899;15,2125;47,96857183
29;8;23;5,00 X 3,00;1;2,105407255;7,161972439;9,355542742;13,05070533;0,89067292;9,401993962;4,258203235;9,960026717;11,01612776;12,2;0,142148409;10,60369808;11,4125;22,56525378
30;8;23;5,00 X 3,00;1;2,105407255;4,901972247;9,819859989;12,22309963;2,071620868;9,922773413;5,361645676;10,21536738;11,42435795;12,8;0,519610839;11,63422634;12,35;29,45759537
31;8;23;5,00 X 3,00;1;2,105407255;5,347606088;9,253934621;11,90478974;3,039458225;9,412973979;3,989796912;9,145033549;10,98365658;11,9;0,429551819;11,3238742;11,5375;21,21710472
32;8;23;5,00 X 3,00;1;2,105407255;4,265352475;10,04057486;12,5732405;2,699995578;10,17163683;5,742303981;9,812910861;11,32999458;12,5;0,347981617;12,14750103;11,95;31,19715085
47;13;24;5,00 X 3,00;1;2,280629706;7,925916166;12,43390486;15,21521256;3,682644152;12,5783604;8,78117345;10,1706394;11,97230111;12,9;0,452279505;14,07725472;12,61737949;50,43896801
48;13;24;5,00 X 3,00;1;2,280629706;7,066479473;11,7149613;14,48309982;3,783631844;11,8724537;8,118434229;9,587895994;11,83181205;13,1;0,681594057;14,0494026;12,6625;46,09215289
49;13;24;5,00 X 3,00;1;2,280629706;4,360845441;9,6245794;14,16478994;2,731204073;9,763215672;6,288613933;8,34914945;11,04953352;13,5;0,640077295;11,82521227;11,8875;33,35532387
128;34;24;5,00 X 3,00;1;2,368240931;3,469577759;8,614583906;12,44591655;3,886529992;8,834311812;6,047916485;7,228948642;10,79033508;14;1,718076078;11,70982494;12,275;31,89578451
129;34;24;5,00 X 3,00;1;2,368240931;3,787887646;10,610113;13,11436731;2,869474508;10,74176018;5,920734709;3,602646802;11,98249439;14,1;3,374767774;12,27482499;13,11821548;34,54396433
130;34;24;5,00 X 3,00;1;2,368240931;3,055774907;9,735350956;13,20986028;3,686286059;9,920253261;7,316990415;8,261242763;12,00362241;14,8;2,870902566;12,64486023;14,4875;43,68979559
97;26;25;5,00 X 3,00;1;2,206707734;2,864788976;7,461820352;10,82253613;4,532658567;7,753758338;3,14791607;4,701158081;8,541852607;10,3;2,523185147;10,18193748;10,03303807;12,32950805
98;26;25;5,00 X 3,00;1;2,206707734;4,774648293;10,26549383;12,06394469;1,430568882;10,33349548;5,367404963;8,144696485;10,54938892;12,08614446;0,658739708;11,50690239;10,99826806;26,7257719
99;26;25;5,00 X 3,00;1;2,206707734;2,76929601;9,310564171;13,94197301;4,883065178;9,564296381;4,981246263;6,106332765;10,25890755;12,2;1,631856988;11,66207846;11,47825476;24,43626551
100;26;25;5,00 X 3,00;1;2,206707734;1,209577567;6,081708263;13,36901522;7,61835186;6,669819376;2,981513211;1,710422296;7,687602543;13,1154187;5,158814186;9,963099438;9,642150519;11,15406557
101;26;25;5,00 X 3,00;1;2,206707734;8,849014836;11,29506167;12,73239545;1,285421034;11,35084476;7,825515923;9,102752971;12,44496185;15,3;3,508642193;12,66873347;14,9125;47,40676942
102;27;26;5,00 X 3,00;1;2,453114305;5,793239929;10,95570659;14,89690267;2,81730616;11,08094387;6,30054631;8,537891188;12,70986406;15,7;1,613179885;13,26954338;14,625;38,78259633
103;27;26;5,00 X 3,00;1;2,453114305;5,98422586;11,80576;14,22845191;4,069103767;11,97213608;5,403490694;8,759496263;12,45375267;13,5;1,038303509;13,73109272;12,7125;32,36024813
104;27;26;5,00 X 3,00;1;2,453114305;6,302535746;10,23114987;11,93662073;0,873368425;10,27262443;4,199281953;9,1101991;11,94506669;12,8;0,320559713;11,23236011;12,15;23,96301777
11;3;27;5,00 X 3,00;1;2,198494182;2,037183272;11,42159534;13,33718423;2,688968682;11,53637852;7,159389987;4,441756837;12,81550416;15,3;1,660903591;12,9461178;13,28571429;43,97048215
12;3;27;5,00 X 3,00;1;2,198494182;6,493521678;12,11619555;14,73774773;3,305139656;12,2492846;7,570651467;10,85307053;13,01888941;14,3;0,435685291;14,12898007;13,6375;47,11399403
105;28;27;5,00 X 3,00;1;2,239561944;5,952394872;11,23583373;14,51493081;3,568286697;11,39103186;8,560424483;8,268446819;11,47753235;13;0,836834662;13,40880396;11,85;47,20082096
106;28;27;5,00 X 3,00;1;2,239561944;5,729577951;12,07751199;17,31605781;5,027032255;12,28050967;9,633658255;8,530474974;12,03569975;13,8;1,335279491;14,10112796;13,2;56,39562606
107;28;27;5,00 X 3,00;1;2,239561944;4,774648293;13,16884727;17,18873385;5,225405082;13,36201538;9,72245398;6,854233843;12,50767939;14,8;1,44979885;15,46986047;14,0125;58,97761848
108;29;27;5,00 X 3,00;1;2,409308693;4,774648293;10,79511251;14,89690267;7,068573491;11,11279804;8,405989014;7,168297886;11,86496599;14;2,397505371;14,35975474;13,4875;49,64344663
109;29;27;5,00 X 3,00;1;2,409308693;5,347606088;11,07279356;13,36901522;5,222785216;11,3021898;7,758572171;7,933464056;12,01324827;13,4;1,962306949;13,28943775;13,0125;45,55429071
110;29;27;5,00 X 3,00;1;2,409308693;10,66338119;11,82521227;12,98704336;2,699702938;11,88215034;0,295698213;11,3;12,25;13,2;1,805;11,82521227;12,25;1,724173622
111;29;27;5,00 X 3,00;1;2,409308693;5,347606088;11,72998022;14,73774773;3,255538217;11,86569023;8,993825674;7,973239177;12,51707082;14,4;1,496665155;13,65947299;13,74667139;54,17201327
122;32;27;5,00 X 3,00;1;2,368240931;8,371550007;12,61131286;15,50169146;1,644240963;12,67506265;8,580231846;10,63918129;12,87753499;14;0,32388187;14,49105757;13,3125;52,21864024
123;32;27;5,00 X 3,00;1;2,368240931;7,543944303;12,07143433;16,07464925;4,281776004;12,24407393;8,00664698;9,98753496;12,42464078;13,8;0,904676312;14,42341672;13,2;48,05454224
147;40;27;4,50 X 2,00;2;4,31211499;7,352958371;12,34457708;15,69267739;3,021426128;12,46388172;13,48910231;12,29103956;14,75399829;16,1;0,386611054;15,54148019;15,525;96,49308288
148;40;27;4,50 X 2,00;2;4,31211499;4,83831027;11,99905844;16,87042397;6,334201535;12,25519455;13,70908739;10,58865496;14,73802909;16,6;1,149983267;15,98711403;15,55;98,58553538
149;40;27;4,50 X 2,00;2;4,31211499;8,97633879;12,18752382;15,9473253;3,802569718;12,3395197;13,369952;13,3715412;14,65498826;16;0,360339184;15,82636754;15,46;95,37220001
151;40;27;4,50 X 2,00;2;4,31211499;6,875493542;12,59488558;15,91549431;6,090910134;12,8296623;14,620425;11,89973912;14,97433973;17,4;1,204428938;15,82795909;16,475;105,74251
156;42;27;5,00 X 2,40;2;3,452429843;8,276057041;16,45351565;19,73521294;3,713259514;16,5632385;15,13887552;10,7;16,50432229;17,9;1,33442222;18,27098747;17,45651711;118,877008
160;44;27;5,00 X 3,00;2;3,452429843;10,12225438;14,36744723;16,87042397;2,993480799;14,46780004;10,53424159;11,55802844;14,44732981;16,5;1,212729042;16,42479013;15,36;71,84223701
161;44;27;5,00 X 3,00;2;3,452429843;12,73239545;14,88841441;18,65295933;1,386698024;14,93336393;11,83485735;13,42554197;14,62293086;16;0,382646424;16,98183243;15,75;81,66673589
162;44;27;5,00 X 3,00;2;3,452429843;6,111549815;14,79216845;17,18873385;3,81576885;14,91646497;11,74891324;7,155675118;14,32108323;15,3;2,040956933;16,56484648;15,1034821;80,56896132
163;44;27;5,00 X 3,00;2;3,452429843;12,0321137;13,65761618;15,27887454;0,534342301;13,6765131;9,447355542;12,97926358;13,90870619;14,5;0,123921263;14,80140971;14,3441164;61,76362363
164;45;27;5,00 X 3,00;2;3,452429843;8,276057041;15,40517169;17,82535363;2,746579783;15,49120057;12,65910417;5,523272544;15,90594245;19,4;6,539552317;17,20783245;18,82;97,19598566
165;45;27;5,00 X 3,00;2;3,452429843;12,28676161;13,99926879;15,9473253;0,818493484;14,02749932;10,39669298;11,55626126;13,8689315;15,5;1,288639428;15,58126893;15,3;68,50586167
166;45;27;5,00 X 3,00;2;3,452429843;5,156620156;13,85244836;16,87042397;5,681401524;14,04970403;10,72498633;1,406093817;13,38819642;16,16228304;9,646478561;16,35476195;15,54;71,44410056
171;47;27;5,00 X 3,00;2;3,452429843;13,05070533;14,95525949;16,2338042;0,473070936;14,97054068;11,26847869;12,23464341;14,47301452;15,8;0,74497632;15,85183233;15,32;76,8447128
172;47;27;5,00 X 3,00;2;3,452429843;8,276057041;13,2981656;16,87042397;3,631871991;13,42966579;9,794106245;5,907196429;12,10111536;15,1;5,180418041;15,89162107;14,45;58,34341485
173;47;27;5,00 X 3,00;2;3,452429843;7,321127382;14,41943784;18,14366351;6,62721598;14,64013738;11,73345529;4,556650382;13,82664627;17,3;8,320409793;17,49112825;16,4;79,82640169
174;47;27;5,00 X 3,00;2;3,452429843;7,639437268;13,55502756;16,87042397;5,205562723;13,73978388;10,62810948;5,004443879;12,62775728;16,5;9,136029044;16,3531704;16;68,00527724
178;49;27;5,00 X 3,00;2;3,370294319;6,366197724;13,78764095;18,14366351;7,028784837;14,03263462;11,4291034;13,75028936;15,70016774;17,3;0,506510965;17,20464935;16,65;85,88921385
180;49;27;5,00 X 3,00;2;3,370294319;5,411268065;14,11077371;16,55211408;6,067269831;14,31772845;11,37354134;12,03759061;15,63390091;17;0,819282646;16,2338042;16,4;84,74005922
200;55;27;4,50 X 2,00;2;4,219028063;9,326479665;12,58788276;16,55211408;3,609110602;12,72759682;13,44904862;12,04004629;14,3820737;17,2;2,339169427;15,85183233;16,46;94,57033573
201;55;27;4,50 X 2,00;2;4,219028063;9,262817688;13,90759555;17,79352264;3,714427975;14,0378543;15,87596678;12,87094694;15,03664572;17,1;0,661935664;16,95318454;15,52;112,89153
202;55;27;4,50 X 2,00;2;4,219028063;8,912676813;12,2383785;14,51493081;1,88206125;12,31350188;12,80554641;11,66707037;14,26050166;16,4;1,023071503;14,2666491;15,34;86,51080431
217;60;27;3,5 X 3,00;2;3,312799452;6,748169587;12,48113381;17,95267758;5,108492231;12,6798463;11,33399205;11,01365643;13,38302531;15;0,573448377;15,17064918;14,22;73,34366469
218;61;27;5,00 X 2,40;2;3,290896646;5,729577951;14,10630975;16,74310001;4,593223626;14,26444458;11,59751799;1,323047181;13,02112506;15,9;11,1349634;16,12239574;15,6;74,94552505
219;61;27;5,00 X 2,40;2;3,290896646;12,41408556;14,40140028;15,9473253;1,009695875;14,43524747;10,81681546;10,55901849;13,24659904;15,1;1,764632277;15,59081823;14,46;68,29695766
220;61;27;5,00 X 2,40;2;3,290896646;9,867606472;14,70048218;16,55211408;1,61981682;14,75413452;11,51930717;6,669482649;14,01436982;17;3,902316269;16,2338042;16,26666667;77,35815283
221;61;27;5,00 X 2,40;2;3,290896646;5,53859202;15,36906234;17,57070572;5,403182768;15,53971083;13,10259071;1,158267037;14,83231207;18;10,90709971;17,37971979;17,73333333;95,76505334
256;73;27;5,00 X 2,40;2;3,370294319;7,002817496;11,11289686;13,11436731;1,218751742;11,16626628;6,879424216;3,825770169;9,82378886;11,9;2,537359705;12,47774754;11,58333333;32,94604539
257;73;27;5,00 X 2,40;2;3,370294319;9,071831756;14,45126883;17,15690287;2,291173187;14,52825007;10,91998739;10,72623002;14,75764593;17,2;2,455617167;16,41948496;16,6;76,36530731
269;78;27;5,00 X 3,00;2;3,293634497;8,435211984;13,51862087;15,69267739;3,586430999;13,64624466;9,240775925;8,118657351;12,34491815;13,7;2,148874299;15,08152241;13,46783255;56,18198882
270;78;27;5,00 X 3,00;2;3,293634497;7,703099246;13,06343773;16,4884521;3,42476781;13,18954185;8,512835965;7,250813233;12,42027454;14,6;2,739638631;15,68631119;14,32;51,21506194
271;78;27;5,00 X 3,00;2;3,293634497;9,167324722;11,97072536;14,00563499;1,100417746;12,01496495;6,865546358;8,927703229;11,49524299;12,7;0,738373434;13,54090256;12,58;37,44395292
272;78;27;5,00 X 3,00;2;3,293634497;7,321127382;12,19895198;15,91549431;3,176900757;12,3240327;7,223668285;6,774426503;11,23452412;13,2;1,902477183;13,82101526;12,34;40,03262853
273;79;27;5,00 X 3,00;2;3,307323751;5,920563883;10,69831764;15,91549431;5,281103509;10,93646636;8,429777816;7,3;11,10344001;14,4;2,486384019;13,96107161;12,83393347;46,43520862
282;83;27;5,00 X 3,00;2;3,370294319;7,957747155;12,58761579;14,51493081;1,53892279;12,64663399;8,0962421;12;12,60292901;12,75697247;0,03468087;14,06929697;12,46;47,96517785
283;83;27;5,00 X 3,00;2;3,370294319;9,867606472;12,28145644;14,06929697;1,274416683;12,33150877;7,433708726;12,4;12,68340349;13;0,017419254;13,58546594;12,6;44,43979991
284;83;27;5,00 X 3,00;2;3,370294319;6,207042781;12,13503389;14,32394488;2,87302738;12,24893087;7,266788375;11,9415341;12,75908375;14,2;0,12185145;13,87831104;13,18;43,94702374
285;83;27;5,00 X 3,00;2;3,370294319;10,98169107;12,21991653;14,32394488;0,685864055;12,24701441;7,540252793;12,2;12,77403017;13,4;0,056241086;13,54090256;13,12;45,24999264
286;84;27;5,00 X 3,00;2;3,370294319;2,705634033;12,27854716;15,91549431;4,536687592;12,45604524;8,354302267;1,315689908;11,73915883;13,5;4,373358153;14,48309982;13,2;47,83413704
287;84;27;5,00 X 3,00;2;3,370294319;5,634084985;11,99829327;14,32394488;4,029506704;12,15987772;8,226580299;5,685025503;11,17765172;12,3;2,721345677;13,63002933;12;45,3436877
314;93;27;5,00 X 2,40;2;3,260780287;6,843662553;11,80474949;14,41943784;3,758352206;11,95913785;9,978412378;10,46943745;14,35988228;16,6;1,536989582;13,94833921;15,52;70,12220638
315;93;27;5,00 X 2,40;2;3,260780287;5,411268065;12,28520888;14,64225476;2,975851353;12,40280721;10,02188633;8,556634248;14,47575336;15,21566599;1,20159351;14,18388853;15,14;69,88504158
316;93;27;5,00 X 2,40;2;3,260780287;7,480282325;13,973804;16,71126902;3,256115455;14,08662011;11,33010988;11,17106136;15,41588562;16,5;0,853520679;16,07464925;15,94;82,93356827
317;93;27;5,00 X 2,40;2;3,260780287;5,793239929;13,92529964;17,18873385;5,141048626;14,1043473;13,45306279;9,3;15,35509701;16,8;2,032966504;16,27200138;16,6;99,69796847
350;105;27;5,00 X 2,40;2;3,260780287;6,047887837;11,24776549;14,06929697;1,834899289;11,32696248;8,117781525;11,46157616;12,70511698;14,7;0,786260323;13,18439549;13,88;48,47133421
351;105;27;5,00 X 2,40;2;3,260780287;5,506761031;11,29301367;15,27887454;3,656504823;11,4498681;9,195131685;7,535696258;12,17820091;14,6;1,390381409;14,10112796;13,44;54,05117246
352;105;27;5,00 X 2,40;2;3,260780287;10,02676141;12,00187426;14,86507168;1,970616484;12,0816529;10,02989439;11,80646193;12,43847488;12,86370629;0,217717033;11,64377564;12,43847488;60,34725006
357;107;27;5,00 X 2,40;2;3,247091034;9,45380362;13,29262085;17,50704374;3,11746057;13,4064646;11,8780906;12,8;15,02538213;16,52637097;0,807568097;15,47622667;14,6;85,54990429
358;107;27;5,00 X 2,40;2;3,247091034;5,411268065;12,28676161;17,79352264;6,805237299;12,55403388;10,58846248;12,8;14,07117323;16,0174273;1,244232962;14,30484629;14,33821647;75,57777683
359;107;27;5,00 X 2,40;2;3,247091034;3,437746771;11,31980691;15,9473253;7,181152195;11,62581608;9,6018785;2,858356509;13,46722867;17,9;9,160175089;14,21571952;16,28;67,6158539
360;108;27;5,00 X 2,40;2;3,249828884;4,647324338;9,741058883;13,68732511;4,236111419;9,950930599;6,319456191;10,88822814;11,30142223;11,83444378;0,234599976;9,772113506;11,30142223;34,71538247
361;108;27;5,00 X 2,40;2;3,249828884;3,565070725;10,24492014;13,75098708;4,918057352;10,47647333;7,026310577;4,493280835;11,09828205;13;4,505759623;12,63053628;12,48;39,31317129
362;108;27;5,00 X 2,40;2;3,249828884;5,411268065;10,18739687;14,64225476;3,669561538;10,36181827;7,213808221;7,381174825;11,37199906;13,2;1,923036224;12,8660856;12,82;40,27742455
364;109;27;5,00 X 3,00;2;3,249828884;8,594366927;11,37162068;14,8332407;2,313908057;11,47010854;7,645238429;10,10308497;11,78828928;13,2;0,828253379;12,8533532;12,5;42,83739295
372;113;27;5,00 X 3,00;2;3,323750856;7,002817496;10,68643121;15,78817035;4,908280138;10,90590854;7,298389124;3,163355209;8,340809764;12,8;7,90131121;13,13028281;12,36175973;33,86465019
345;102;28;4,50 X 2,00;2;3,370294319;7,512113314;11,43764848;17,12507188;6,155377528;11,6965302;7,574643928;12,1;13,45660241;14,7;0,369294594;14,21571952;13,9;49,29252913
346;102;28;4,50 X 2,00;2;3,370294319;6,302535746;10,15987282;13,973804;2,339354041;10,27176726;6,904515027;11,87851809;13,73253139;16,1;1,427252292;12,8724518;15,02;47,27099752
347;102;28;4,50 X 2,00;2;3,370294319;6,207042781;11,27232184;17,53887473;6,6242228;11,54995466;4,835721084;10,1;12,64859096;15,2;0,992529775;13,87831104;12,7;29,90924771
348;103;28;4,50 X 2,00;2;3,370294319;9,549296586;12,0257475;15,27887454;1,997897154;12,10669659;11,25097344;11,28604799;14,66458427;18,6;3,65893937;14,48309982;17,84;82,23877766
203;56;29;4,50 X 2,00;2;3,370294319;9,008169779;13,24099929;17,18873385;4,603921516;13,40999248;14,12887165;15,88570738;17,90714885;20,6;1,323484441;16,55848028;20,02;128,3667577
205;56;29;4,50 X 2,00;2;3,370294319;7,957747155;14,6604439;19,35324108;6,551685058;14,8743508;10,98595672;15,21935491;17,70225487;23,2;2,64594018;18,55746636;19,2;96,6561854
209;58;29;4,50 X 2,00;2;3,370294319;5,443099054;12,67403863;17,09324089;7,542320167;12,96211572;14,1149208;14,005346;17,67572469;20,2;1,798757839;16,5043676;19,225;128,0928551
212;58;29;4,50 X 2,00;2;3,370294319;4,774648293;12,39038163;19,09859317;7,190652865;12,67119636;12,61324347;15,42861669;17,34989579;19,4;0,815623767;16,95318454;18,44;110,9686823
263;76;29;4,50 X 2,33;2;3,370294319;6,111549815;10,83266417;14,64225476;5,270575884;11,0678545;8,868139435;10,1936265;13,34300365;15,5;1,795245263;13,973804;14,84;58,63502679
186;51;30;4,50 X 2,00;2;3,956194387;6,780000576;11,85107495;15,50169146;3,553750243;11,99698676;12,22362777;3,077698299;10,45989024;14,33856827;6,923732696;14,73774773;13,53464207;64,71123321
188;51;30;4,50 X 2,00;2;3,956194387;4,456338407;11,82706291;15,82000134;5,491670988;12,05169593;10,62140408;0,674859769;10,43924371;15,2;10,15922083;14,99239564;13,9;57,16573332
73;20;31;5,00 X 3,00;1;2,239561944;8,435211984;11,39606234;14,61042378;1,71002492;11,46951287;7,714478824;10,09530911;11,4549733;12,1;0,228296575;12,94725462;11,525;41,93187448
74;20;31;5,00 X 3,00;1;2,239561944;5,888732894;10,90484197;14,00563499;3,318503502;11,05380816;8,956751061;7,917045841;11,58922627;13,7;1,234259971;13,51225467;13,0625;50,06808251
75;20;31;5,00 X 3,00;1;2,239561944;4,329014452;11,54828267;13,84648005;2,996501634;11,67473358;7,136620118;10,8;11,70438611;12,3;0,09444896;13,23771239;11,975;39,1759915
76;20;31;5,00 X 3,00;1;2,239561944;4,83831027;10,7158087;15,15155058;4,528482358;10,92100017;6,3697681;6,647388319;11,24490083;13,5;1,55634128;14,10510683;12,975;34,96856561
112;30;32;5,00 X 3,00;1;2,36550308;3,501408748;11,02840408;14,19662092;5,305566047;11,26331919;10,2294463;9,425423164;13,25367044;14,27507657;0,801758215;13,64753637;13,5875;65,17624086
113;30;32;5,00 X 3,00;1;2,36550308;5,570423008;12,10763428;14,86507168;4,792287755;12,3001272;8,080123512;7,4;13,57979698;15;1,665568328;14,5467618;14,475;53,00709158
114;30;32;5,00 X 3,00;1;2,36550308;5,220282133;10,75756603;13,973804;3,446227241;10,91440541;9,10650313;10,95295904;13,53448856;16,4;1,5906491;13,54010678;15,53975444;61,17606119
115;30;32;5,00 X 3,00;1;2,36550308;5,347606088;11,4163667;14,80140971;4,552694643;11,61083498;8,611629933;10,83311828;13,78177113;16,2;1,827896224;13,94197301;15,65;58,06934972
